{"cameraMode":{"drawMode":0,"name":"Shaded","section":"Shading Mode"},"sceneLighting":true,"audioPlay":false,"sceneViewState":{"showFog":true,"showMaterialUpdate":false,"showSkybox":false,"showFlares":true,"showImageEffects":true,"showParticleSystems":true},"in2DMode":false,"pivot":{"x":6.732383728027344,"y":-3.86907958984375,"z":7.750244140625},"rotation":{"x":-0.00699306046590209,"y":-0.9768781065940857,"z":0.2112806886434555,"w":-0.03255129233002663},"size":2.6060163974761965,"orthographic":true}